{"cameraMode":{"drawMode":0,"name":"Shaded","section":"Shading Mode"},"sceneLighting":true,"audioPlay":false,"sceneViewState":{"m_AlwaysRefresh":false,"showFog":true,"showSkybox":true,"showFlares":true,"showImageEffects":true,"showParticleSystems":true,"showVisualEffectGraphs":true,"m_FxEnabled":true},"in2DMode":false,"pivot":{"x":0.1181516945362091,"y":49.733482360839847,"z":72.43124389648438},"rotation":{"x":0.43207699060440066,"y":0.2811172604560852,"z":-0.14394983649253846,"w":0.8448163866996765},"size":29.769878387451173,"orthographic":false}